feature,importance
Cabin,0.14608897108483787
Name,0.14310803633322555
Spa,0.11302940493554066
PassengerId,0.11006324934370776
VRDeck,0.09672205929359066
FoodCourt,0.0919791217337104
ShoppingMall,0.0855634399572495
Age,0.08535647051932067
RoomService,0.08316381702590216
Destination_TRAPPIST-1e,0.015030411815756478
HomePlanet_Europa,0.010102833934301178
HomePlanet_Mars,0.008871870872062938
CryoSleep_True,0.006045037674168472
Destination_PSO J318.5-22,0.004875275476625549
