Model,Test Accuracy,AUC,OOB Score
Random Forest,0.9781931464174455,0.8536737943585078,0.9846308052121617
AdaBoost,0.9742990654205608,0.8628440627843494,
Gradient Boosting,0.9672897196261683,0.8397264558689719,
